Place,Car Num,Team,Penalty,Cost Score,Presentation Score,Design Score,Acceleration Score,Skid Pad Score,Autocross Score,Endurance Score,Efficiency Score,Total Score,Adjusted Cost,Average Adjusted Laptime,Fuel Efficiency Factor,Best Acceleration Time,Best Autocross Time,Endurance Time,Endurance Penalty,Adjusted Endurance Time,Endurance Time Score,Endurance Laps,Endurance Laps Score,Best Skidpad Time,Engine Cylinders,Engine Displacement (cc),Weight (kg),Best Time
<=90,49.0,Arizona State Univ - Tempe_2025,,78.1,51.5,90.0,,,,,,219.6,18687.0,,,,,,,,,,,,4.0,600.0,212.7,
<=30,30.0,Brown Univ_2025,,87.2,59.7,100.0,>=50,<25,>90,>150,36.5,664.9,14999.0,141.719,0.481,4.828,53.040,1397.191,,1417.191,180.7,10.0,25.0,,4.0,599.0,200.9,
<=60,148.0,CEFET-MG_2025,,82.5,67.7,139.0,>80,>=55,>90,<15,,543.0,14834.0,,,4.356,53.085,,,,,,,5.291,4.0,600.0,212.3,
<=60,89.0,California State Poly Univ - Pomona_2025,,72.0,18.2,100.0,>80,>=25,<40,>=75,23.4,478.7,20188.0,158.635,0.412,4.374,72.604,1546.353,,1586.353,102.2,10.0,25.0,5.515,4.0,600.0,214.1,
<=90,67.0,California State Univ - Fullerton_2025,,47.7,61.0,60.0,,,,,,168.7,26432.0,,,,,,,,,,,,2.0,689.0,215.9,
<=30,84.0,California State Univ - Northridge_2025,,85.9,38.9,100.0,>80,>=45,>90,>150,59.2,713.0,14551.0,142.879,0.6,4.38,52.797,1382.793,,1428.793,174.7,10.0,25.0,5.49,4.0,600.0,196.0,
<=90,55.0,Carleton Univ_2025,,72.3,38.0,80.0,,,,,,190.3,16382.0,,,,,,,,,,,,1.0,450.0,179.6,
<=90,50.0,Clarkson University_2025,,57.8,18.5,60.0,>=50,>=45,>=40,<15,,304.6,17464.0,,,4.981,58.733,,,,,,,5.511,4.0,600.0,224.1,
<=60,58.0,Clemson Univ_2025,,54.6,54.0,80.0,>=65,>=45,>=65,<15,,409.7,28287.0,,,4.687,54.270,,,,,,,5.375,4.0,636.0,215.5,
<=90,99.0,Colorado Mesa University_2025,,58.1,5.0,40.0,>=50,<25,<40,>=15,,205.1,20461.0,,,4.992,74.405,,,,,,,5.938,2.0,650.0,210.5,
<=60,23.0,Colorado School of Mines_2025,,62.5,38.2,80.0,<50,>=45,>90,>150,46.2,535.0,22618.0,151.178,0.532,7.833,53.136,1487.777,,1511.777,134.6,10.0,25.0,5.44,4.0,599.0,202.8,
<=60,44.0,Colorado State University_2025,,54.7,19.1,60.0,>80,>=45,>=65,<15,,341.9,26097.0,,,4.468,57.076,,,,,,,5.512,4.0,600.0,221.8,
<=30,34.0,Duke Univ_2025,,75.8,71.3,80.0,>=65,>=25,>=65,>150,48.9,669.1,20317.0,142.99,0.546,4.562,54.670,1423.899,,1429.899,174.2,10.0,25.0,5.7,2.0,689.0,205.0,
<=30,32.0,Embry-Riddle Aero Univ - Daytona Beach_2025,,31.9,68.9,80.0,>80,>=45,>=65,>150,32.3,649.2,30554.0,142.535,0.459,4.169,54.508,1403.346,,1425.346,176.5,10.0,25.0,5.45,4.0,600.0,206.8,
<=90,79.0,Florida Atlantic Univ_2025,,54.1,18.8,60.0,>=50,<25,>=40,>=15,,272.4,18631.0,,,5.02,62.407,2033.968,30.0,2217.968,-,10.0,25.0,5.958,4.0,610.0,207.7,
<=90,57.0,Florida International Univ_2025,,62.3,16.5,35.0,>=50,<25,<40,>=15,,218.9,16391.0,,,4.829,66.042,,,,,,,7.018,2.0,650.0,222.3,
<=30,38.0,Georgia Institute of Technology_2025,,83.1,43.8,100.0,>80,>=45,>90,>150,51.7,804.7,18342.0,129.53,0.561,4.471,49.231,1289.297,,1295.297,250.0,10.0,25.0,5.463,4.0,600.0,213.2,
>90,113.0,Grand Canyon University_2025,,18.9,16.1,30.0,,,,,,65.0,19530.0,,,,,,,,,,,,1.0,690.0,257.2,
<=90,64.0,Grand Valley State Univ_2025,,65.5,19.1,60.0,>=50,<25,>=40,>=15,,292.2,26886.0,,,4.805,62.438,1841.841,,1883.841,-,10.0,25.0,,4.0,600.0,254.9,
>90,126.0,ITESM - Campus Cuernavaca_2025,,15.5,10.0,10.0,,,,,,35.5,18392.0,,,,,,,,,,,,4.0,636.0,324.8,
<=30,7.0,Instituto Maua de Tecnologia_2025,,88.8,54.3,129.0,>80,>=45,>=65,>=75,52.0,646.2,16758.0,164.521,0.562,4.429,54.963,1511.211,114.0,1645.211,78.7,10.0,25.0,,3.0,675.0,191.9,
>90,134.0,Instituto Tecnologico de Estudios Superi_2025,,14.0,5.0,20.0,,,,,,39.0,,,,,,,,,,,,,4.0,600.0,,
<=30,10.0,Kansas State Univ_2025,,66.8,70.6,100.0,>=65,>=55,>90,>150,48.7,778.7,20978.0,132.54,0.545,4.56,52.019,1325.399,,1325.399,231.7,10.0,25.0,5.306,3.0,675.0,210.5,
<=60,119.0,Kennesaw State University_2025,,93.8,15.9,80.0,<50,>=45,>=40,<15,,361.7,11767.0,,,5.054,58.888,,,,,,,5.431,4.0,600.0,205.5,
<=90,27.0,Kettering Univ_2025,,63.1,11.9,60.0,,,,,,134.9,17972.0,,,,,,,,,,,,1.0,449.0,170.1,
<=90,33.0,Lakehead Univ_2025,,47.0,45.9,40.0,,,,,,132.9,18733.0,,,,,,,,,,,,1.0,693.0,250.4,
<=90,69.0,Lawrence Technological Univ_2025,,62.3,19.6,40.0,>=50,>=45,>=40,,,276.6,15641.0,,,4.994,59.791,,,,,,,5.485,2.0,689.0,244.0,
<=30,31.0,Lehigh Univ_2025,,67.5,17.6,60.0,>=50,>=25,>=65,>150,100.0,558.0,15858.0,152.43,0.815,4.963,56.070,1520.303,,1524.303,129.0,10.0,25.0,5.801,1.0,450.0,168.7,
<=60,118.0,Liberty Univ_2025,,83.2,14.1,60.0,>=65,<25,>=65,>=75,41.9,521.6,15719.0,153.964,0.509,4.554,55.716,1525.635,,1539.635,122.2,10.0,25.0,,4.0,600.0,222.3,
<=60,93.0,Michigan Tech Univ_2025,,76.4,14.2,100.0,>80,>=45,>=65,<15,,412.8,16281.0,,,4.34,56.818,,,,,,,5.437,2.0,500.0,205.0,
<=30,45.0,Minnesota State University - Mankato_2025,,78.9,43.1,80.0,>=65,>=45,>=65,>=75,24.3,549.1,15591.0,160.15,0.417,4.518,55.772,1573.495,,1601.495,96.0,10.0,25.0,5.494,4.0,600.0,216.8,
<=60,75.0,Mississippi State Univ_2025,,77.4,66.9,75.0,<50,<25,>90,<15,,383.8,20610.0,,,5.055,53.548,,,,,,,6.057,1.0,450.0,182.3,
<=90,78.0,Missouri State University_2025,,56.3,32.8,40.0,,,,,,129.1,18486.0,,,,,,,,,,,,1.0,450.0,168.3,
<=30,98.0,Missouri University of Science and Tech_2025,,70.5,67.8,100.0,>=65,>=45,>=65,>150,30.2,623.6,18760.0,152.886,0.448,4.564,56.061,1490.862,,1528.862,126.9,10.0,25.0,5.403,4.0,636.0,220.0,
>90,40.0,Montana State Univ - Bozeman_2025,,42.2,20.0,20.0,,,,,,82.2,12182.0,,,,,,,,,,,,4.0,600.0,318.9,
<=60,128.0,North Carolina State Univ - Raleigh_2025,,70.7,37.1,100.0,>80,>=45,>=65,<15,,444.3,21821.0,,,4.307,54.985,,,,,,,5.416,4.0,675.0,200.5,
>90,116.0,North Dakota State Univ_2025,,-50.0,12.0,20.0,<50,<25,<40,>=15,,20.5,,,,7.61,79.140,,,,,,,,1.0,690.0,257.2,
>90,72.0,Northern Arizona Univ_2025,,39.3,29.1,40.0,,,,,,108.4,18531.0,,,,,,,,,,,,4.0,600.0,270.8,
>90,105.0,Northern Illinois Univ_2025,,34.7,13.3,20.0,,,,,,68.0,24620.0,,,,,,,,,,,,4.0,600.0,243.6,
<=30,138.0,Oakland University_2025,,68.1,60.0,80.0,>=65,>=55,>90,>150,41.4,688.5,17939.0,141.309,0.507,4.558,53.020,1413.087,,1413.087,182.9,10.0,25.0,5.278,4.0,600.0,223.2,
<=60,117.0,Oklahoma State Univ_2025,,-11.0,51.8,60.0,>80,>=25,>=40,>=75,,386.2,,,,4.364,58.017,1553.714,,1649.714,76.9,10.0,25.0,5.75,4.0,636.0,240.9,
>90,47.0,Oregon Inst of Tech_2025,,35.1,,60.0,,,,,,95.1,20770.0,,,,,,,,,,,,4.0,600.0,227.2,
<=90,41.0,Pellissippi State Community College_2025,,46.6,56.3,40.0,,,,<15,,143.8,16915.0,,,,,,,,,,,,4.0,600.0,206.8,
<=90,95.0,Purdue Univ - Northwest_2025,,61.2,34.0,60.0,,,,,,155.2,15717.0,,,,,,,,,,,,4.0,600.0,205.9,
<=30,8.0,Purdue Univ - W Lafayette_2025,,66.8,41.8,150.0,>80,>=55,>90,>150,28.9,753.6,27415.0,140.196,0.441,4.26,53.138,1381.962,,1401.962,188.7,10.0,25.0,5.225,4.0,599.0,203.7,
<=30,52.0,Sacramento State Univ_2025,,67.0,15.9,80.0,>=65,>=25,>=65,>150,38.5,559.9,15892.0,150.638,0.491,4.585,54.458,1456.384,,1506.384,137.1,10.0,25.0,5.657,4.0,636.0,213.2,
<=90,36.0,Saginaw Valley State Univ_2025,,62.9,6.6,45.0,>=65,>=45,>=40,,,283.4,13128.0,,,4.649,60.151,,,,,,,5.513,4.0,600.0,211.8,
<=60,80.0,South Dakota School of Mines & Tech_2025,,46.3,25.0,60.0,>=65,>=55,>=65,>=75,35.1,518.0,19939.0,154.947,0.473,4.67,54.685,1487.469,,1549.469,117.9,10.0,25.0,5.355,4.0,600.0,222.7,
<=90,82.0,South Dakota State Univ_2025,,50.6,14.8,40.0,,>=25,>=40,<15,,211.7,20427.0,,,,58.790,,,,,,,5.708,4.0,600.0,203.2,
<=60,125.0,Southern Illinois Univ - Carbondale_2025,,24.9,25.2,35.0,>=65,>=25,>=40,>=75,27.4,373.8,20614.0,164.259,0.433,4.612,59.744,1600.588,,1642.588,79.7,10.0,25.0,5.802,4.0,600.0,231.3,
>90,141.0,St Cloud State Univ_2025,,26.8,16.1,40.0,,,,,,82.9,20316.0,,,,,,,,,,,,4.0,600.0,243.1,
<=60,108.0,Temple Univ_2025,,68.0,58.1,80.0,>=65,>=25,>=65,<15,,394.0,13774.0,,,4.73,56.814,,,,,,,5.628,4.0,600.0,200.9,
<=90,54.0,Tennessee Tech Univ_2025,,71.0,18.9,60.0,<50,>=25,>=40,>=15,23.8,320.8,10188.0,177.38,0.414,5.239,59.236,,,,,,,5.788,2.0,638.0,196.4,
<=30,5.0,Texas A & M Univ - College Station_2025,,78.5,66.4,113.0,>80,>=55,>90,>150,38.7,811.3,16242.0,133.234,0.493,4.324,51.357,1300.335,,1332.335,227.6,10.0,25.0,5.202,4.0,600.0,203.2,
>90,122.0,Trinity Univ_2025,-20.0,31.9,48.6,10.0,,,,,,70.5,10972.0,,,,,,,,,,,,4.0,600.0,323.9,
>90,109.0,UP Aguascalientes_2025,,56.6,10.9,15.0,,,,,,82.4,24026.0,,,,,,,,,,,,4.0,600.0,299.8,
<=90,70.0,US Naval Academy_2025,,27.3,14.2,60.0,>=50,<25,>=40,<15,,258.5,24955.0,,,4.777,58.236,,,,,,,,2.0,500.0,210.0,
<=30,48.0,Univ of Alabama Tuscaloosa_2025,,59.6,59.4,116.0,>80,>=55,>90,>150,39.5,744.8,,,,,,,,,,,,,,,,
<=90,100.0,Univ of Arizona_2025,,59.1,51.0,40.0,<50,<25,<40,<15,,176.6,16501.0,,,8.901,75.377,,,,,,,6.884,4.0,600.0,225.0,
<=60,24.0,Univ of British Columbia_2025,,73.5,19.1,100.0,>=50,>=25,>=40,>=15,,354.1,26175.0,,,4.81,60.116,,,,,,,,4.0,599.0,214.1,
<=30,3.0,Univ of Calif - Berkeley_2025,,80.3,59.5,100.0,>=50,>=55,>90,>=75,64.7,664.9,19249.0,155.195,0.629,4.862,53.170,1427.945,120.0,1551.945,116.8,10.0,25.0,5.208,1.0,450.0,167.8,
<=90,35.0,Univ of Calif - Irvine_2025,,40.9,18.5,60.0,,>=25,>=65,<15,,227.6,19532.0,,,,,,,,,,,5.602,4.0,600.0,239.0,
<=90,39.0,Univ of Central Florida_2025,,53.8,14.3,80.0,,,>=65,,,215.2,22778.0,,,,57.602,,,,,,,,4.0,636.0,215.5,
<=60,60.0,Univ of Cincinnati_2025,,50.5,34.7,80.0,>=65,>=25,>90,<15,42.3,432.1,16988.0,158.041,0.512,4.504,53.686,,,,,,,5.545,2.0,689.0,222.3,
<=60,103.0,Univ of Colorado Boulder_2025,,67.1,42.0,80.0,>=65,>=25,>=40,>=75,55.1,547.5,,,,,,,,,,,,,,,,
<=30,4.0,Univ of Connecticut_2025,,66.8,69.0,100.0,>80,>=55,>90,>=15,34.1,552.7,21015.0,133.325,0.468,4.32,51.052,,,,,,,5.159,4.0,600.0,221.4,
<=90,86.0,Univ of Delaware_2025,,38.1,17.0,40.0,>=50,<25,<40,>=15,11.6,246.6,22215.0,184.989,0.35,4.879,65.827,1769.894,,1849.894,8.5,10.0,25.0,5.946,4.0,636.0,226.8,
<=60,59.0,Univ of Georgia_2025,,62.5,64.4,80.0,>=50,<25,>=65,>=75,20.8,496.2,14099.0,163.456,0.398,4.799,56.247,1602.557,,1634.557,82.8,10.0,25.0,5.906,4.0,600.0,220.9,
<=60,107.0,Univ of Hartford_2025,,40.0,18.9,60.0,>=50,>=25,>=40,>=75,48.1,405.2,22987.0,169.766,0.542,4.923,58.801,1617.658,,1697.658,59.1,10.0,25.0,5.642,1.0,450.0,176.4,
<=90,53.0,Univ of Houston Houston_2025,,58.3,41.2,40.0,,,,,,139.4,,,,,,,,,,,,,,,,
<=60,115.0,Univ of Illinois - Chicago_2025,,81.2,55.6,40.0,>=65,<25,>=40,>=15,22.0,407.1,13248.0,173.8,0.405,4.661,58.241,1734.0,,1738.0,44.8,10.0,25.0,6.311,4.0,600.0,212.3,
<=90,88.0,Univ of Kentucky_2025,,55.0,19.6,60.0,<50,>=25,>=40,<15,,269.3,29390.0,,,5.131,60.443,,,,,,,5.678,4.0,600.0,227.2,
>90,142.0,Univ of Maine_2025,,43.9,,20.0,,,,,,63.9,13145.0,,,,,,,,,,,,4.0,600.0,254.9,
<=60,101.0,Univ of Manitoba_2025,,68.7,50.2,75.0,<50,>=25,<40,>=75,51.9,455.1,18960.0,159.993,0.562,5.232,70.942,1483.93,60.0,1599.93,96.6,10.0,25.0,5.606,1.0,450.0,191.0,
<=30,56.0,Univ of Maryland - College Park_2025,,81.5,67.6,100.0,>=65,>=45,>90,>=75,18.0,597.8,21590.0,163.571,0.384,4.487,53.644,1595.711,,1635.711,82.4,10.0,25.0,5.393,4.0,600.0,213.2,
>90,123.0,Univ of Massachusetts - Lowell_2025,,71.5,28.1,10.0,,,,,,109.6,21933.0,,,,,,,,,,,,4.0,600.0,259.5,
<=30,92.0,Univ of Michigan - Dearborn_2025,,72.4,19.7,80.0,>=50,>=45,>=65,>150,40.2,560.4,16679.0,150.113,0.501,4.854,56.462,1469.13,,1501.13,139.5,10.0,25.0,5.43,2.0,600.0,222.3,
<=30,22.0,Univ of Missouri_2025,,63.2,50.4,80.0,>80,>=55,>90,>150,23.8,629.7,18207.0,149.264,0.414,4.229,53.453,1432.636,,1492.636,143.5,10.0,25.0,5.35,4.0,636.0,206.8,
<=30,43.0,Univ of Nebraska - Lincoln_2025,,64.6,55.0,100.0,>=65,>=55,>90,>150,29.0,680.6,15472.0,144.808,0.442,4.622,51.213,1376.083,,1448.083,165.0,10.0,25.0,5.248,4.0,636.0,205.5,
<=30,2.0,Univ of North Carolina Charlotte_2025,,79.8,75.0,111.0,>=65,>=45,>90,>150,73.4,729.0,,,,,,,,,,,,,,,,
<=60,77.0,Univ of North Florida_2025,,61.0,51.3,75.0,<50,>=25,>=65,>=75,26.4,454.1,20141.0,165.834,0.428,5.338,57.586,1588.339,,1658.339,73.6,10.0,25.0,5.645,4.0,600.0,229.1,
<=90,46.0,Univ of Oklahoma_2025,,57.9,17.7,60.0,>80,,,<15,,241.3,25183.0,,,4.264,,,,,,,,,4.0,636.0,217.3,
<=90,87.0,Univ of Ottawa_2025,,56.4,40.7,60.0,,,,<15,,158.1,17732.0,,,,,,,,,,,,4.0,600.0,226.3,
<=90,120.0,Univ of Saskatchewan_2025,,67.6,44.1,35.0,,>=25,<40,>=15,,243.6,17963.0,,,,63.409,1892.251,,2116.251,-,10.0,25.0,5.696,4.0,600.0,243.1,
<=60,71.0,Univ of South Florida_2025,,52.0,14.2,80.0,>80,>=55,>90,,,385.5,30122.0,,,4.377,53.334,,,,,,,5.287,4.0,600.0,222.7,
<=60,131.0,Univ of Southern California_2025,,57.7,29.7,121.0,>=50,>=55,>90,>=15,24.1,518.8,24307.0,177.092,0.416,4.849,50.599,1390.923,360.0,1770.923,33.6,10.0,25.0,5.345,4.0,600.0,227.7,
<=30,81.0,Univ of Texas - Arlington_2025,,84.4,41.3,105.0,>80,>=55,>90,>150,62.9,731.5,14536.0,148.656,0.62,4.286,51.314,1398.558,60.0,1486.558,146.4,10.0,25.0,5.179,2.0,321.0,190.5,
<=60,104.0,Univ of Texas - Austin_2025,,88.6,52.4,100.0,>=50,>=25,>=65,<15,,406.3,16901.0,,,5.044,56.048,,,,,,,,4.0,600.0,212.3,
<=60,96.0,Univ of Toledo_2025,,44.0,17.7,40.0,>=50,>=25,>=40,>=75,94.1,453.0,15156.0,165.22,0.784,4.97,59.090,1610.196,,1652.196,76.0,10.0,25.0,5.54,2.0,471.0,212.3,
<=30,29.0,Univ of Victoria_2025,,71.2,43.9,100.0,>=50,>=45,>90,>150,26.4,649.6,17904.0,143.304,0.428,4.902,52.385,1407.04,,1433.04,172.6,10.0,25.0,5.373,4.0,599.0,215.0,
<=30,124.0,Univ of Wisconsin - Madison_2025,,79.1,48.3,135.0,>80,>=55,>=65,>150,79.6,749.2,17941.0,149.56,0.708,4.271,54.110,1429.599,,1495.599,142.1,10.0,25.0,5.3,2.0,689.0,211.4,
<=30,61.0,Univ of Wisconsin - Platteville_2025,,52.8,46.5,80.0,>=65,>=45,>=65,>150,56.8,599.6,19249.0,151.626,0.588,4.546,55.738,1474.258,,1516.258,132.6,10.0,25.0,5.407,2.0,689.0,251.3,
<=90,42.0,Universidad Metropolitana_2025,,80.0,16.6,40.0,,,,>=15,,151.7,13363.0,,,,,,,,,,,,4.0,636.0,259.5,
>90,111.0,Universidad Panamericana Sede Guadalajar_2025,,74.7,42.6,10.0,,,,,,127.3,16099.0,,,,,,,,,,,,4.0,600.0,296.6,
<=30,65.0,Universidad Politecnica de Valencia_2025,,83.2,50.4,133.0,>80,>=55,>90,>150,64.4,883.7,21408.0,131.686,0.628,4.306,48.878,1292.864,,1316.864,236.8,10.0,25.0,5.08,4.0,600.0,210.5,
<=30,51.0,Universite de Sherbrooke_2025,,66.7,46.4,100.0,>80,>=25,>=65,>150,56.4,698.3,16777.0,139.734,0.586,4.384,54.897,1393.337,,1397.337,191.2,10.0,25.0,5.539,2.0,500.0,192.8,
<=60,9.0,Villanova Univ_2025,,81.3,59.3,80.0,>=65,>=45,>90,>=75,21.9,544.6,18502.0,170.948,0.404,4.501,52.704,1483.477,120.0,1709.477,54.8,10.0,25.0,5.495,4.0,636.0,218.2,
<=30,74.0,Virginia Tech_2025,,69.7,58.2,100.0,>80,>=55,>90,>150,36.9,674.4,16473.0,147.88,0.483,4.421,53.015,1396.798,,1478.798,150.0,10.0,25.0,5.346,2.0,660.0,208.2,
<=60,73.0,Washington State Univ_2025,,52.5,54.3,55.0,>=50,>=25,>=40,<15,,334.0,23695.0,,,4.797,58.580,,,,,,,5.548,4.0,650.0,247.7,
<=60,76.0,Washington Univ - St Louis_2025,,63.7,15.9,80.0,>=50,>=25,>=65,>=15,,364.9,23185.0,,,4.78,55.725,,,,,,,5.6,4.0,600.0,225.0,
<=60,97.0,Wayne State Univ_2025,,71.3,53.0,80.0,>=65,>=25,<40,>=15,9.9,343.8,18539.0,186.405,0.341,4.744,78.784,,,,,,,5.705,4.0,600.0,205.9,
<=90,66.0,West Virginia Univ_2025,,57.0,40.1,60.0,<50,>=25,<40,,,236.3,23741.0,,,7.295,62.942,,,,,,,,1.0,450.0,206.8,
<=90,132.0,Wichita State Univ_2025,,74.4,11.9,60.0,<50,<25,<40,>=15,,269.0,23405.0,,,5.13,65.117,2158.993,,2206.993,-,10.0,25.0,,4.0,600.0,215.0,
>90,62.0,York College of Pennsylvania_2025,,52.2,11.6,60.0,,,,,,123.8,20757.0,,,,,,,,,,,,4.0,600.0,232.2,
<=30,106.0,lowa State Univ_2025,,85.4,35.4,80.0,>80,>=55,>90,>150,39.3,754.2,,,,,,,,,,,,,,,,
<=30,68.0,AGH Univ of Science and Technology_2024,,49.1,65.6,132.0,>=65,>=55,>=65,>=75,27.7,632.6,,166.65,0.415,,53.666,1482.497,120.0,1666.497,119.2,10.0,25.0,5.398,4.0,600.0,215.9,4.560
<=60,126.0,Arizona State Univ - Tempe_2024,,77.3,27.6,100.0,>=50,>=25,>=40,>=75,29.6,470.2,,185.675,0.424,,57.843,1676.754,120.0,1856.754,50.1,10.0,25.0,5.644,4.0,600.0,231.8,4.808
>90,69.0,Bradley Univ_2024,,55.7,33.2,30.0,,,,,,118.9,,,,,,,,,,,,,2.0,670.0,237.7,
<=60,24.0,Brown Univ_2024,,79.0,56.7,80.0,<50,>=25,<40,>=75,22.6,410.6,,180.426,0.388,,67.964,1694.256,,1804.256,67.7,10.0,25.0,5.808,4.0,600.0,233.1,5.353
<=60,119.0,California Baptist University_2024,,73.3,33.5,40.0,>=65,>=25,>=40,>=75,65.2,471.5,,176.199,0.606,,58.161,1741.989,,1761.989,82.6,10.0,25.0,5.811,1.0,690.0,196.0,4.762
<=30,6.0,California Polytechnic State Univ-SLO_2024,,80.7,37.4,100.0,>=65,>=55,>90,>150,72.8,734.4,,151.098,0.645,,51.212,1388.976,120.0,1510.976,188.6,10.0,25.0,5.330,1.0,450.0,177.4,4.647
<=60,25.0,California State Poly Univ - Pomona_2024,,62.0,56.0,100.0,>=65,,>=65,<15,,370.9,,,,,55.144,748.931,,,-,5.0,12.0,,4.0,600.0,224.5,4.645
>90,52.0,California State Univ - Chico_2024,,59.1,49.1,30.0,,,,,,138.2,,,,,,,,,,,,,1.0,450.0,192.3,
<=90,80.0,California State Univ - Fullerton_2024,,38.9,27.5,80.0,>=65,<25,<40,<15,,267.4,,,,,60.460,201.632,,,-,1.0,2.0,6.462,2.0,690.0,220.9,4.597
<=30,45.0,California State Univ - Northridge_2024,,69.8,49.8,119.0,>80,>=55,>=40,>150,58.5,661,,162.482,0.572,,56.611,1562.82,,1624.82,136.5,10.0,25.0,5.448,4.0,600.0,189.6,4.407
<=60,27.0,Carleton Univ_2024,,75.3,57.9,80.0,<50,>=45,>=65,<15,,386.6,,,,,55.424,1067.137,,,-,6.0,14.0,5.606,1.0,450.0,179.6,5.159
<=90,92.0,Clarkson University_2024,,43.5,31.4,60.0,>=50,<25,<40,<15,,218.8,,,,,63.473,186.006,,,-,1.0,2.0,6.465,4.0,600.0,214.1,5.041
<=60,53.0,Clemson Univ_2024,,75.3,50.4,100.0,,>=25,>=65,,,329.1,,,,,55.520,,,,,,,5.748,4.0,635.0,196.0,
<=60,34.0,Colorado Mesa University_2024,,50.0,27.6,50.0,,,,>=75,66.1,331.9,,168.123,0.61,,,1637.232,,1681.232,113.3,10.0,25.0,,2.0,650.0,210.5,
<=60,32.0,Colorado School of Mines_2024,,39.4,45.8,80.0,<50,>=25,<40,>=15,45.1,352.6,,189.057,0.503,,61.475,1722.569,,1890.569,39.2,10.0,25.0,5.726,4.0,600.0,212.7,6.718
<=90,36.0,Colorado State University_2024,,62.9,28.7,45.0,,<25,<40,<15,,150.9,,,,,73.800,486.795,,,-,2.0,4.0,6.466,4.0,600.0,227.7,
>90,74.0,Drexel Univ_2024,-10.0,66.6,29.9,40.0,,,,,,126.6,,,,,,,,,,,,,1.0,450.0,170.6,
<=60,63.0,Duke Univ_2024,,76.1,68.0,80.0,>=50,>=45,>=65,,,398.4,,,,,54.197,0.0,,,-,0.0,0.0,5.613,2.0,690.0,215.0,4.987
<=60,106.0,Embry-Riddle Aero Univ - Daytona Beach_2024,,59.7,68.5,40.0,>80,>=45,>=65,>=15,23.6,452.9,,194.314,0.394,,54.462,1641.135,120.0,1943.135,23.1,10.0,25.0,5.613,4.0,600.0,214.5,4.275
<=90,17.0,Florida Atlantic Univ_2024,,39.2,45.1,55.0,>=50,<25,>=40,>=15,,268.8,,204.326,,,59.106,1720.931,,,-,9.0,20.0,7.687,4.0,610.0,206.8,4.893
<=90,111.0,Florida International Univ_2024,,68.8,41.0,75.0,,,,,,184.8,,,,,,,,,,,,,2.0,650.0,263.5,
<=90,7.0,Georgia Institute of Technology_2024,,78.6,75.0,100.0,,>=55,,,,315.5,,,,,,,,,,,,5.360,4.0,600.0,210.9,
<=30,65.0,Hope College_2024,,57.3,43.6,75.0,>=65,>=25,>90,>150,53.0,666.1,,147.881,0.544,,51.397,1474.81,,1478.81,204.8,10.0,25.0,5.645,4.0,600.0,221.4,4.663
<=30,145.0,Instituto Maua de Tecnologia_2024,,83.7,35.1,150.0,>80,>=45,>=65,>150,56.2,710.3,,160.049,0.56,,54.159,1580.488,,1600.488,147,10.0,25.0,5.543,3.0,675.0,200.5,4.364
>90,54.0,Instituto Tecnologico de Chihuahua_2024,,,15.5,10.0,,,,,,25.5,,,,,,,,,,,,,4.0,600.0,235.4,
<=30,23.0,Kansas State Univ_2024,,64.5,60.0,100.0,>80,>=55,>=65,>150,39.2,666.9,,157.577,0.473,,54.835,1499.765,,1575.765,158,10.0,25.0,5.373,3.0,675.0,208.2,4.370
<=30,18.0,Kennesaw State University_2024,,87.0,72.8,80.0,>80,>=55,>=40,>150,27.9,620.7,,162.112,0.416,,58.406,1545.116,,1621.116,138.1,10.0,25.0,5.444,4.0,600.0,200.9,4.456
<=90,100.0,Kettering Univ_2024,,53.2,28.1,80.0,,,,<15,,165.3,,,,,,339.945,,,-,2.0,4.0,,1.0,450.0,177.8,
<=60,108.0,Lawrence Technological Univ_2024,,48.1,29.8,40.0,>=65,>=25,>=40,>=15,4.8,340.1,,188.684,0.297,,58.622,1770.844,,1886.844,40.4,10.0,25.0,5.833,4.0,600.0,247.2,4.694
<=90,114.0,Lehigh Univ_2024,,77.1,36.1,60.0,<50,<25,<40,>=15,,251.6,,212.042,,,69.257,1902.416,,2120.416,-,10.0,25.0,6.343,1.0,450.0,175.1,5.367
<=90,31.0,Liberty Univ_2024,,78.6,51.5,80.0,,,,,,210.1,,,,,,,,,,,,,4.0,600.0,213.6,
<=60,110.0,Michigan Tech Univ_2024,,70.2,49.5,80.0,<50,>=25,>=40,,,329.8,,,,,57.307,,,,,,,5.711,2.0,500.0,236.8,5.453
<=30,101.0,Minnesota State University - Mankato_2024,,65.5,50.3,100.0,>80,>=25,>=40,>=75,37.7,572,,169.86,0.465,,56.246,1654.603,,1698.603,106.4,10.0,25.0,5.742,4.0,600.0,210.0,4.399
<=30,91.0,Mississippi State Univ_2024,,70.2,48.9,80.0,>=65,>=45,>=65,>=75,100.0,621,,170.894,0.784,,55.065,1674.943,,1708.943,102.4,10.0,25.0,5.498,1.0,450.0,189.6,4.637
<=60,102.0,Missouri University of Science and Tech_2024,,57.9,30.7,80.0,>=65,>=55,>=40,<15,,349.4,,,,,59.512,485.558,,,-,3.0,6.0,5.450,4.0,635.0,216.8,4.612
<=30,38.0,North Carolina State Univ - Raleigh_2024,,72.2,37.4,147.0,>80,>=45,>90,<15,,504.2,,,,,51.472,737.814,,,-,5.0,12.0,5.523,4.0,675.0,192.3,4.308
>90,125.0,Northern Arizona Univ_2024,,30.6,50.8,15.0,,,,>=15,,121.4,,226.447,,,,2092.469,,2264.469,-,10.0,25.0,,4.0,600.0,244.9,
>90,130.0,Northern Illinois Univ_2024,,,40.0,10.0,,,,,,50,,,,,,,,,,,,,4.0,600.0,226.8,
<=30,57.0,Oakland University_2024,,84.5,42.9,100.0,>=65,>=55,>=40,>150,47.3,648.9,,159.051,0.514,,56.728,1568.508,,1590.508,151.4,10.0,25.0,5.258,4.0,600.0,231.3,4.705
<=60,21.0,Oklahoma State Univ_2024,,51.1,44.2,60.0,>=65,>=55,>=40,>=15,37.4,421.6,,197.935,0.464,,56.377,1919.354,,1979.354,12.5,10.0,25.0,5.451,4.0,635.0,238.6,4.613
<=90,120.0,Oregon Inst of Tech_2024,,56.3,38.0,60.0,<50,>=25,<40,<15,,197.6,,,,,81.880,873.347,,,-,3.0,6.0,5.962,4.0,600.0,220.4,6.604
>90,117.0,Pellissippi State Community College_2024,,64.4,51.3,20.0,,,,,,135.6,,,,,,,,,,,,,1.0,690.0,204.6,
>90,103.0,Penn State Univ - Harrisburg_2024,,41.8,38.0,20.0,,,,,,99.8,,,,,,,,,,,,,4.0,600.0,230.4,
<=90,19.0,Purdue Univ - Northwest_2024,,68.9,42.5,60.0,,,,,,171.4,,,,,,,,,,,,,4.0,600.0,200.5,
<=30,8.0,Purdue Univ - W Lafayette_2024,,72.2,65.9,100.0,>=65,>=55,>=65,>150,32.5,684.1,,156.948,0.439,,53.655,1569.48,,1569.48,160.9,10.0,25.0,5.180,4.0,635.0,218.2,4.597
<=90,33.0,Rose Hulman Inst of Tech_2024,,75.3,33.2,60.0,,,<40,,,202.6,,,,,61.555,0.0,,,-,0.0,0.0,,1.0,480.0,174.6,
<=60,22.0,Sacramento State Univ_2024,,66.5,29.3,60.0,>=50,>=25,>=40,>=75,12.2,426.5,,176.123,0.335,,59.672,1659.227,,1761.227,82.9,10.0,25.0,5.645,4.0,635.0,210.9,4.816
<=90,116.0,Saginaw Valley State Univ_2024,,47.9,25.8,50.0,,>=25,<40,<15,,177,,,,,100.211,444.301,,,-,2.0,4.0,5.658,4.0,600.0,201.4,
<=90,122.0,South Dakota School of Mines & Tech_2024,,40.6,52.4,65.0,,,>=65,,,227.5,,,,,54.879,,,,,,,,4.0,600.0,221.4,
<=90,93.0,South Dakota State Univ_2024,,39.1,20.0,75.0,<50,<25,<40,<15,,206.8,,,,,68.467,935.217,,,-,5.0,12.0,6.105,4.0,600.0,201.8,5.445
<=90,89.0,Southern Illinois Univ - Carbondale_2024,,33.7,28.9,60.0,>=50,>=45,<40,<15,,236.8,,,,,83.871,567.652,,,-,3.0,6.0,5.553,4.0,600.0,235.0,5.044
>90,128.0,St Cloud State Univ_2024,,9.3,10.0,40.0,,,,,,59.3,,,,,,,,,,,,,4.0,600.0,237.2,
>90,58.0,Syracuse Univ_2024,-10.0,18.0,41.9,40.0,,<25,<40,>=15,,141.2,,206.621,,,121.043,2024.21,,2066.21,-,10.0,25.0,6.095,4.0,600.0,270.3,
<=30,109.0,Temple Univ_2024,,65.5,45.2,120.0,>=65,>=45,>=65,>150,52.0,636.2,,161.573,0.538,,54.586,1601.732,,1615.732,140.4,10.0,25.0,5.579,4.0,600.0,187.8,4.714
<=90,15.0,Tennessee Tech Univ_2024,,67.0,32.3,40.0,<50,<25,<40,,,197,,,,,74.464,,,,,,,6.988,2.0,625.0,170.6,5.145
<=30,35.0,Texas A & M Univ - College Station_2024,,84.9,42.4,100.0,>80,>=55,>=40,>150,44.3,746.4,,145.697,0.499,,55.968,1456.973,,1456.973,216.2,10.0,25.0,5.243,4.0,600.0,200.5,4.206
<=90,90.0,Texas Tech Univ_2024,,88.9,31.5,80.0,,<25,<40,,,210.3,,,,,84.948,,,,,,,6.798,1.0,450.0,187.8,
<=30,3.0,The Ohio State University_2024,,80.1,73.6,144.0,>80,>=55,>90,>150,51.3,907.6,,139.589,0.535,,46.911,1389.891,,1395.891,250,10.0,25.0,5.346,4.0,600.0,201.4,4.271
>90,88.0,UP Aguascalientes_2024,,-3.1,40.9,,,,,,,37.8,,,,,,,,,,,,,4.0,600.0,,
<=90,113.0,US Air Force Academy_2024,,45.1,26.9,15.0,<50,<25,<40,>=15,84.4,245.4,,198.295,0.704,,67.265,1850.95,,1982.95,11.5,10.0,25.0,6.018,1.0,450.0,201.4,6.808
<=60,86.0,Univ of Akron_2024,,76.9,27.0,100.0,>=65,>=55,>=65,,,428.3,,,,,51.715,0.0,,,-,0.0,0.0,5.345,1.0,450.0,181.4,4.663
<=30,76.0,Univ of Alabama - Tuscaloosa_2024,,73.2,41.6,100.0,>80,>=55,>=65,>150,38.0,658.2,,161.557,0.467,,52.020,1459.573,120.0,1615.573,140.5,10.0,25.0,5.428,4.0,600.0,219.5,4.277
<=90,84.0,Univ of British Columbia_2024,,68.6,44.6,125.0,,,,,,238.2,,,,,,0.0,,,-,0.0,0.0,,4.0,600.0,202.8,
<=30,30.0,Univ of Calif - Berkeley_2024,,68.3,40.1,120.0,>=50,>=55,>90,>150,96.1,813.8,,141.824,0.764,,48.418,1396.241,,1418.241,237.3,10.0,25.0,5.403,1.0,450.0,168.3,4.992
<=90,48.0,Univ of Central Florida_2024,,67.8,45.4,80.0,,,,,,193.2,,,,,,,,,,,,,4.0,635.0,194.6,
<=30,14.0,Univ of Cincinnati_2024,,64.0,42.4,80.0,>=65,>=55,>90,>=75,37.5,592.2,,165.928,0.464,,50.844,1485.276,120.0,1659.276,122.1,10.0,25.0,5.384,2.0,690.0,204.6,4.782
<=90,94.0,Univ of Colorado - Boulder_2024,,63.9,28.1,75.0,>=65,<25,>=40,<15,,309.1,,,,,58.409,899.433,,,-,5.0,12.0,6.385,2.0,690.0,213.6,4.641
<=30,127.0,Univ of Connecticut_2024,,76.3,67.1,100.0,>80,>=55,>90,>150,27.7,747.4,,148.491,0.414,,51.030,1364.914,120.0,1484.914,201.7,10.0,25.0,5.328,4.0,600.0,223.6,4.337
>90,72.0,Univ of Delaware_2024,,3.8,40.3,10.0,,,,>=15,,79.1,,237.065,,,,1978.65,150.0,2370.65,-,10.0,25.0,,4.0,635.0,233.1,
<=90,87.0,Univ of Georgia_2024,,56.5,35.5,60.0,>=50,>=55,>=40,<15,,310.3,,,,,58.747,190.242,,,-,1.0,2.0,5.459,4.0,600.0,230.9,5.032
<=90,71.0,Univ of Hartford_2024,,80.8,43.1,80.0,,<25,<40,<15,,264.7,,,,,62.758,957.0,,,-,5.0,12.0,6.086,1.0,450.0,188.2,
<=60,60.0,Univ of Illinois - Chicago_2024,,88.1,41.9,60.0,>=65,>=55,>=40,>=75,19.0,472.5,,183.678,0.37,,58.206,1792.782,,1836.782,56.6,10.0,25.0,5.438,4.0,600.0,215.5,4.619
<=60,47.0,Univ of Kentucky_2024,,68.2,51.8,75.0,>=65,>=25,>=40,>=15,,371.1,,203.452,,,59.904,1960.521,,2034.521,-,10.0,25.0,5.896,4.0,600.0,213.6,4.535
<=90,118.0,Univ of Manitoba_2024,,78.4,38.0,60.0,,,,,,176.4,,,,,,,,,,,,,1.0,450.0,218.6,
<=60,49.0,Univ of Maryland - College Park_2024,,71.7,45.1,95.0,>80,>=55,>=40,,,421.6,,,,,57.559,,,,,,,5.219,4.0,600.0,223.6,4.465
<=60,66.0,Univ of Michigan - Dearborn_2024,,83.7,62.0,80.0,<50,>=25,>=40,,,356.8,,,,,58.004,,,,,,,5.687,1.0,450.0,192.8,5.369
<=30,67.0,Univ of Minnesota - Twin Cities_2024,,71.6,56.2,95.0,>80,>=55,>=65,>=75,23.0,599.7,,174.206,0.391,,51.955,1504.06,120.0,1742.06,89.9,10.0,25.0,5.241,4.0,600.0,214.5,4.511
>90,136.0,Univ of Minnesota-Duluth_2024,,55.3,47.5,20.0,,,,,,122.9,,,,,,,,,,,,,1.0,450.0,235.9,
<=30,55.0,Univ of Missouri_2024,,76.9,48.3,60.0,>=50,>=55,>=40,>150,20.1,591.2,,155.133,0.376,,56.563,1515.326,,1551.326,169.3,10.0,25.0,5.180,4.0,600.0,232.7,4.954
<=30,98.0,Univ of Nebraska - Lincoln_2024,,76.9,40.5,100.0,>80,>=55,>90,>=75,20.5,559.5,,183.506,0.378,,51.310,1663.055,120.0,1835.055,57.2,10.0,25.0,5.392,4.0,635.0,208.7,4.400
<=30,9.0,Univ of North Carolina - Charlotte_2024,,76.6,69.1,100.0,>=50,>=55,>90,>150,81.8,817.2,,142.896,0.691,,50.329,1408.963,,1428.963,231.4,10.0,25.0,5.243,1.0,450.0,169.2,4.811
<=60,99.0,Univ of North Florida_2024,,80.1,44.6,70.0,>=50,>=45,>=65,>=15,18.3,425.3,,171.66,0.366,,54.063,1444.939,,,-,9.0,20.0,5.473,4.0,600.0,228.6,4.819
<=60,42.0,Univ of Oklahoma_2024,,52.3,48.1,70.0,>80,>=25,>=40,<15,,350.8,,175.488,,,60.061,952.93,,,-,6.0,14.0,5.863,4.0,635.0,231.8,4.303
<=90,131.0,Univ of Ottawa_2024,,51.8,35.6,60.0,,,<40,>=15,,205.6,,210.329,,,61.763,1727.287,,2103.287,-,10.0,25.0,,4.0,600.0,205.0,
<=60,73.0,Univ of Puerto Rico-Mayaquez_2024,,50.0,20.4,80.0,>=65,>=25,>=65,>=15,,359.7,,217.049,,,54.671,1872.486,120.0,2170.486,-,10.0,25.0,5.677,4.0,600.0,199.6,4.665
<=60,121.0,Univ of Saskatchewan_2024,,66.6,37.4,50.0,>=65,>=25,>=40,<15,,339.4,,,,,56.296,677.894,,,-,4.0,8.0,5.625,4.0,600.0,240.4,4.676
<=30,83.0,Univ of South Florida_2024,,86.8,48.1,60.0,>80,>=45,>=65,>=75,37.1,596.2,,169.939,0.463,,52.303,1535.388,120.0,1699.388,106.1,10.0,25.0,5.509,4.0,600.0,219.5,4.275
<=60,105.0,Univ of Southern California_2024,,61.1,55.5,100.0,>=50,>=45,>=40,>=15,41.1,443.4,,192.632,0.483,,58.186,1342.426,,,-,7.0,16.0,5.477,4.0,600.0,220.4,4.798
<=60,29.0,Univ of Texas - Austin_2024,,47.3,39.7,100.0,<50,>=25,>=40,<15,60.5,400.4,,175.147,0.582,,55.947,837.734,,,-,5.0,12.0,5.886,4.0,600.0,217.3,5.154
<=30,44.0,Univ of Texas - Dallas_2024,,64.0,54.4,60.0,>=50,>=55,>=40,>=75,9.6,480.7,,175.074,0.322,,56.407,1686.742,,1750.742,86.7,10.0,25.0,5.377,4.0,600.0,249.5,4.899
>90,79.0,Univ of Texas - San Antonio_2024,,57.4,,15.0,,,,,,72.4,,,,,,,,,,,,,4.0,600.0,233.6,
<=60,95.0,Univ of Toledo_2024,,44.6,32.5,35.0,<50,>=45,>=40,>=75,88.9,440.6,,175.434,0.727,,59.294,1722.337,,1754.337,85.4,10.0,25.0,5.613,2.0,470.0,232.2,5.359
<=60,20.0,Univ of Victoria_2024,,87.1,54.9,100.0,>=65,>=25,>=65,>=15,,438.9,,194.414,,,54.761,1216.898,120.0,,-,7.0,16.0,5.674,4.0,600.0,211.8,4.724
<=30,135.0,Univ of Wisconsin - Madison_2024,,76.2,56.8,145.0,>=65,>=45,>=65,>=15,73.1,569,,198.65,0.646,,54.446,1176.547,120.0,,-,7.0,16.0,5.508,2.0,690.0,215.0,4.562
<=30,26.0,Univ of Wisconsin - Platteville_2024,,50.1,30.7,60.0,>=50,>=25,>=40,>=75,52.2,477.1,,168.472,0.54,,55.923,1662.723,,1684.723,111.9,10.0,25.0,5.862,2.0,690.0,245.4,5.047
>90,78.0,Univ of the Pacific_2024,,74.2,27.3,,,,<40,<15,,119.9,,,,,89.459,955.282,,,-,5.0,12.0,,4.0,560.0,,
>90,133.0,Universidad Autonoma Estado Mexico_2024,,58.6,29.3,20.0,,,,,,107.9,,,,,,,,,,,,,4.0,600.0,246.3,
>90,138.0,Universidad Autonoma de Baja California_2024,-10.0,29.1,,10.0,,,,,,29.1,,,,,,,,,,,,,4.0,600.0,294.8,
>90,43.0,Universidad Panamericana Sede Guadalajar_2024,,54.7,32.8,20.0,,,,,,107.5,,,,,,,,,,,,,4.0,600.0,269.4,
<=30,40.0,Universite de Sherbrooke_2024,,78.8,26.8,80.0,>=65,>=45,>=40,>=75,40.0,528.3,,169.31,0.477,,59.566,1647.104,,1693.104,108.6,10.0,25.0,5.568,2.0,500.0,200.5,4.575
<=30,77.0,Vanderbilt Univ_2024,,66.7,60.0,60.0,<50,>=25,<40,>=75,94.4,523.7,,170.877,0.755,,60.939,1700.772,,1708.772,102.5,10.0,25.0,5.780,1.0,500.0,162.8,5.272
<=30,16.0,Villanova Univ_2024,,83.0,52.9,100.0,>80,>=45,>=40,>150,28.9,673.3,,151.741,0.421,,56.103,1509.413,,1517.413,185.5,10.0,25.0,5.480,4.0,600.0,206.8,4.493
<=60,107.0,Virginia Tech_2024,,72.9,41.8,105.0,>=65,>=45,>=65,<15,61.5,476.8,,199.501,0.587,,55.123,1073.004,120.0,,-,6.0,14.0,5.601,1.0,450.0,176.4,4.749
<=90,62.0,Washington State Univ_2024,,46.5,22.0,55.0,>=50,<25,,,,177.7,,,,,,,,,,,,6.933,4.0,650.0,258.1,5.081
<=60,104.0,Washington Univ - St Louis_2024,,84.1,41.6,90.0,>=65,>=55,>=40,>=15,,420.8,,215.332,,,59.106,1913.321,,2153.321,-,10.0,25.0,5.358,4.0,600.0,213.2,4.664
<=90,61.0,Wayne State Univ_2024,,70.5,26.2,60.0,,,,,,156.7,,,,,,,,,,,,,4.0,600.0,209.6,
<=90,64.0,West Virginia Univ_2024,,64.5,34.3,60.0,,,,,,158.8,,,,,,,,,,,,,1.0,450.0,198.2,
<=90,46.0,York College of Pennsylvania_2024,,42.6,32.5,80.0,>=65,>=25,<40,>=15,,308.1,,220.334,,,63.661,1995.336,,2203.336,-,10.0,25.0,5.798,4.0,600.0,253.1,4.726
>90,100.0,Alabama A & M Univ_2023,,,15.0,10.0,,,,,,25.0,,,,,,,,,,,,,4.0,600.0,291.2,
>90,59.0,Bradley Univ_2023,,46.1,34.3,10.0,,,,,,90.4,14113.0,,,,,,,,,,,,4.0,600.0,262.6,
<=90,108.0,Brown Univ_2023,,59.3,36.4,80.0,<50,<25,<40,>=15,,215.2,22253.0,236.825,,,76.072,2202.245,,2368.245,-,10.0,25.0,6.138,4.0,600.0,208.7,9.023
<=90,26.0,California State Univ - Los Angeles_2023,,36.1,36.5,60.0,<50,<25,<40,>=15,,180.6,18715.0,199.248,,,64.449,1854.483,,1992.483,-,10.0,25.0,6.498,1.0,690.0,213.2,7.475
<=90,24.0,Colorado State University_2023,,62.1,30.6,50.0,,,,>=15,,167.7,19635.0,217.673,,,,2046.732,,2176.732,-,10.0,25.0,,4.0,600.0,249.0,
>90,25.0,Kettering Univ_2023,,64.8,33.9,60.0,,,,,,158.6,14665.0,,,,,,,,,,,,1.0,450.0,174.6,
>90,65.0,Lakehead Univ_2023,,56.6,60.0,30.0,,,,>=15,,162.6,18270.0,218.495,,,,1639.958,,,-,8.0,16.0,,4.0,600.0,304.4,
<=90,15.0,Lehigh Univ_2023,,75.6,67.5,60.0,<50,,,,,207.5,13888.0,,,,,,,,,,,,1.0,450.0,166.5,9.436
>90,47.0,Liberty Univ_2023,,48.4,32.4,60.0,,,,,,140.7,17054.0,,,,,,,,,,,,4.0,600.0,240.4,
<=90,30.0,Missouri State University_2023,,41.1,40.6,50.0,<50,<25,<40,<15,,180.2,20838.0,,,,65.007,397.17,,,-,2.0,4.0,6.106,1.0,450.0,192.8,5.601
>90,104.0,Polytechnic Univ of Puerto Rico_2023,-10.0,,19.2,20.0,,,,,,29.2,,,,,,,,,,,,,2.0,300.0,245.4,
>90,12.0,Purdue Univ - Northwest_2023,,34.6,29.8,35.0,,,,,,99.5,15427.0,,,,,,,,,,,,4.0,600.0,203.2,
>90,90.0,Sacramento State Univ_2023,,34.4,22.1,60.0,,,,>=15,5.2,164.5,15665.0,191.212,0.274,,,1706.119,,1912.119,17.8,10.0,25.0,,4.0,636.0,221.8,
<=90,66.0,South Dakota State Univ_2023,,6.2,30.1,60.0,,,,>=15,100.0,227.1,15600.0,195.31,0.697,,,1841.102,,1953.102,5.8,10.0,25.0,,2.0,670.0,213.6,
<=90,91.0,Tennessee Tech Univ_2023,,64.5,37.8,55.0,>=50,<25,<40,,,241.8,9366.0,,,,61.004,,,,,,,9.156,2.0,627.0,186.4,5.045
>90,136.0,Texas Tech Univ_2023,,47.6,46.1,40.0,<50,<25,<40,<15,,158.2,13264.0,,,,100.906,958.646,,,-,5.0,10.0,6.806,1.0,450.0,181.4,12.932
>90,67.0,UP Aguascalientes_2023,-20.0,31.5,38.6,10.0,,,,,,60.1,74149.0,,,,,,,,,,,,4.0,600.0,284.4,
>90,68.0,Univ of Alberta_2023,-10.0,36.0,33.8,50.0,,,,,,109.8,19423.0,,,,,,,,,,,,1.0,690.0,207.7,
>90,41.0,Univ of British Columbia_2023,,19.5,41.7,80.0,,,,,,141.2,23853.0,,,,,,,,,,,,4.0,600.0,208.2,
>90,40.0,Univ of Calif - Irvine_2023,,,36.8,40.0,,,,,,76.8,,,,,,,,,,,,,4.0,600.0,241.8,
<=90,39.0,Univ of Central Florida_2023,,53.6,35.2,80.0,,,,,,168.8,19405.0,,,,,,,,,,,,4.0,636.0,207.7,
>90,118.0,Univ of Georgia_2023,,57.0,39.6,10.0,,,,,,106.6,13947.0,,,,,,,,,,,,4.0,600.0,237.7,
<=90,60.0,Univ of Hartford_2023,,51.1,29.0,50.0,<50,<25,<40,>=15,,223.9,15097.0,207.082,,,60.556,1744.817,,2070.817,-,10.0,25.0,6.141,1.0,450.0,209.1,5.452
>90,52.0,Univ of Manitoba_2023,,47.7,49.6,60.0,,,,,,157.3,17452.0,,,,,,,,,,,,1.0,450.0,194.6,
>90,132.0,Univ of Massachusetts - Lowell_2023,,44.2,45.7,40.0,,,,,,129.9,17160.0,,,,,,,,,,,,4.0,600.0,230.0,
<=90,38.0,Univ of Michigan - Dearborn_2023,,59.0,64.6,60.0,,,,,,183.6,21631.0,,,,,,,,,,,,1.0,450.0,190.1,
>90,109.0,Univ of Minnesota - Duluth_2023,,52.0,30.1,15.0,,,,,,97.0,12831.0,,,,,,,,,,,,1.0,625.0,248.1,
<=90,98.0,Univ of Nebraska - Lincoln_2023,,82.2,48.4,110.0,,,,,,240.6,12594.0,,,,,,,,,,,,4.0,675.0,222.3,
<=90,102.0,Univ of North Texas_2023,,34.0,22.8,55.0,>=50,<25,<40,,,189.8,14747.0,,,,63.795,,,,,,,7.363,3.0,675.0,213.6,4.917
<=90,64.0,Univ of Saskatchewan_2023,,60.9,51.3,55.0,,,<40,,,173.6,16133.0,,,,74.004,0.0,,,-,0.0,,,4.0,600.0,235.9,
>90,120.0,Univ of Toledo_2023,,50.1,,60.0,,,,,,110.1,12905.0,,,,,,,,,,,,2.0,470.0,212.3,
>90,128.0,Universidad Autonoma Estado Mexico_2023,,85.6,53.8,10.0,,,,,,149.4,10535.0,,,,,,,,,,,,4.0,600.0,244.9,
>90,79.0,Universidad Panamericana Sede Guadalajar_2023,,65.6,22.3,40.0,,,,,,127.9,16769.0,,,,,,,,,,,,4.0,600.0,277.1,
>90,69.0,Universite de Sherbrooke_2023,,69.5,35.1,50.0,,,,,,154.6,13922.0,,,,,,,,,,,,2.0,500.0,192.3,
>90,116.0,Washington State Univ_2023,,29.3,,25.0,,,,,,54.3,17376.0,,,,,,,,,,,,4.0,650.0,262.2,
<=90,46.0,Washington Univ - St Louis_2023,,71.5,41.1,100.0,,,,,,212.5,18818.0,,,,,,,,,,,,4.0,600.0,205.0,
>90,123.0,West Virginia Univ_2023,,33.4,23.6,20.0,,,,,,77.0,24294.0,,,,,,,,,,,,1.0,450.0,,
>90,93.0,Wichita State Univ_2023,,31.9,19.4,60.0,,<25,<40,,,121.3,25549.0,,,,72.976,,,,,,,7.010,4.0,600.0,226.3,
<=90,31.0,York College of Pennsylvania_2023,-20.0,35.2,18.8,80.0,<50,<25,<40,<15,,177.1,23543.0,,,,99.776,834.563,,,-,4.0,8.0,6.562,4.0,600.0,254.9,5.162
>90,129.0,California State Univ - Chico_2025,,-50.0,14.3,,,,,,,20.0,,,,,,,,,,,,,1.0,450.0,,
>90,114.0,Southern Illinois Univ - Edwardville_2025,,-50.0,17.6,,,,,,,20.0,,,,,,,,,,,,,4.0,600.0,,
